dst,count
0xC7,54420
0x8D,15959
0x5E,15523
0xBC,13632
0x25,10618
0xF6,7194
0x0D,4882
0x1E,2101
0xC6,440
0xC0,396
0x38,389
0x43,240
0x5D,225
0x84,208
0x56,174
0x1C,172
0x73,167
0x72,144
0x62,135
0x07,125
0x19,121
0x83,113
0x4D,96
0x5E,80
0x25,72
0xC7,57
0xBC,57
0x36,50
0x14,48
0x25,41
0xA8,40
0x58,38
0x9A,37
0xC7,30
0xF6,30
0xBD,28
0x8C,27
0xF6,27
0x8D,26
0x17,24
0xDE,22
0x5A,22
0x8D,19
0xED,19
0xBC,18
0xC6,18
0xB4,16
0x73,15
0x1E,15
0x5F,15
0xBC,14
0xF6,13
0x83,12
0x1D,12
0x73,12
0x83,11
0x5E,11
0xC0,11
0xC6,9
0x36,9
0x8D,9
0xC7,9
0xEA,8
0x5D,7
0x09,7
0xC7,7
0x07,6
0x1E,6
0x8C,6
0x56,6
0x36,6
0x07,5
0xED,5
0x1A,5
0x19,5
0x84,5
0x84,5
0xDE,4
0x58,4
0x43,4
0xA8,4
0xBC,4
0x28,4
0xED,4
0xC7,3
0x38,3
0x62,3
0x9A,3
0xDE,3
0xBD,3
0x5F,3
0x5D,3
0xC6,3
0x1A,3
0x58,3
0xEA,3
0x39,3
0x73,2
0x19,2
0x25,2
0x74,2
0x84,2
0x39,2
0x0D,2
0x4D,2
0x19,2
0x07,2
0x1D,2
0x1C,2
0xB4,2
0xC9,2
0x9A,2
0xA8,2
0xC0,1
0x36,1
0xA7,1
0x74,1
0xAF,1
0xAF,1
0x5A,1
0xC0,1
0x7C,1
0x84,1
0x5A,1
0x73,1
0x62,1
0x38,1
0xC0,1
0x43,1
0xD0,1
0x72,1
0x17,1
0x56,1
0xC0,1
0xC9,1
0x83,1
0x14,1
0xC7,1
0x14,1
0x5E,1
0x5D,1
0x12,1
0x4D,1
0x94,1
0x94,1
0xD0,1
0x09,1
0x58,1
0x72,1
0x28,1
0x07,1
